{"ssthemes": ["A5", "D3", "D7", "D11", "H2", "H4"], "weights": [0.06482411598861038, 0.0015783904323329878, 0.14776929729492527, 0.017644377018313118, 0.06546499246488013, 0.10723725130759398], "best_fitness": [0.5860840050153253, 0.5365790249188617, 0.2157097141156406, 0.17445332531485028, 0.16059974259739557, 0.16059974259739557, 0.15416463168275507, 0.15416463168275507, 0.14805165671614218, 0.14805165671614218, 0.14805165671614218, 0.14805165671614218, 0.14805165671614218, 0.14805165671614218, 0.14805165671614218, 0.14756345196634982, 0.14756345196634982, 0.14604540721921636, 0.14604540721921636, 0.14604540721921636, 0.14604540721921636, 0.14604540721921636, 0.14604540721921636, 0.14604540721921636, 0.14604540721921636, 0.14604540721921636, 0.14604540721921636, 0.14604540721921636, 0.1444324259662023, 0.1444324259662023, 0.1444324259662023, 0.1444324259662023, 0.1444324259662023, 0.1444324259662023, 0.1444324259662023, 0.1444324259662023, 0.1444324259662023, 0.1444324259662023, 0.1444324259662023, 0.1444324259662023, 0.1444324259662023, 0.1444324259662023, 0.14408241879958458, 0.14408241879958458, 0.14408241879958458, 0.14408241879958458, 0.14408241879958458, 0.14408241879958458, 0.14408241879958458, 0.14408241879958458, 0.144040659842005, 0.14393987231721853, 0.14393987231721853, 0.14393987231721853, 0.14393987231721853], "mean_fitness": [1.9365824760235888, 1.66961515981747, 1.343036875779029, 1.063771337638847, 0.7627263337733445, 0.6096505040912363, 0.4649896035951882, 0.38669610026982426, 0.34024980856832887, 0.2993377344067818, 0.2752942535750592, 0.2640057215978781, 0.251730063154815, 0.2320623216180354, 0.24330862690642174, 0.23599191565830108, 0.22626116017066727, 0.22884921999843358, 0.2354487825839777, 0.2342627039141018, 0.23802830029914546, 0.22934477041401627, 0.22122960150407223, 0.2192997583823008, 0.22297702235907166, 0.2241244320881292, 0.2271914012782195, 0.22344542781160628, 0.22217045456754614, 0.2110677636657783, 0.21383351855095165, 0.21927319124862915, 0.22496567574199258, 0.20913847203983996, 0.20914777998986234, 0.2167737011041088, 0.211265240423527, 0.20098397823590866, 0.21969787653763367, 0.21564310369729991, 0.22311652228228093, 0.21894702167118432, 0.219871488177747, 0.2384431513015082, 0.21679311313534477, 0.2266953248891946, 0.22379991928145157, 0.23266291350635243, 0.22589068700494833, 0.2192335457849683, 0.21595383178302002, 0.22217121090649244, 0.21601908293028277, 0.21061821889336324, 0.22396302479788913], "nb_selected": 30, "mean_score_selected": 0.3589582763843057, "mean_score_corrected": 0.14393987231721853, "num_generation": 55, "sol_per_pop": 244, "nb_ep": [132.0, 68.0, 13.0, 144.0, 44.0, 44.0]}
